type,text
title,"Flutter App, IoT & SaaS Development Company in Indore, India"
title,Our Services
title,Mobile App Engineering
title,IoT & Embedded Engineering
title,Backend & SaaS Platforms
title,Dedicated Engineering Teams
title,One team. Full stack. No handoffs.
title,Case Studies
title,Fruitrack Telemetry
title,SmartStarter
title,"Your engineers, ready in 72 hours"
title,Your team is already waiting.
title,From idea to shipped — here's the process
title,What our clients say
paragraph,"We build Flutter apps, IoT products, and SaaS platforms — hardware, firmware, mobile app, and backend all under one team. No handoffs, no surprises."
paragraph,Pick your need. We handle everything — from the first line of code to the App Store.
paragraph,"Android, iOS, and Flutter applications built for performance, scale, and product clarity."
paragraph,"Connected devices, firmware, BLE, MQTT, hardware communication, and device-to-cloud systems."
paragraph,"Scalable APIs, admin dashboards, cloud systems, and backend architecture for growing products."
paragraph,"Scale faster with vetted engineers across Flutter, backend, IoT, embedded, QA, and UI/UX specialists."
paragraph,"Most companies split their product across 3–4 vendors. We handle hardware, firmware, mobile app, and backend in one place — faster launches, fewer bugs, and one point of accountability."
paragraph,"Hardware + software under one roof. No blame games, no integration delays."
paragraph,"When your firmware team sits next to your app team, things just move."
paragraph,PCB-level hardware to cloud-scale SaaS — we build it right the first time.
paragraph,Spin up a full engineering team in 72 hours. Scale down just as fast.
paragraph,Real-time agricultural monitoring ecosystem with embedded sensors and cloud analytics.
paragraph,Plug-and-play remote start for semi-trucks with real-time telemetry and mobile app. 4.5★ · 500+ reviews.
paragraph,"Skip the 3-month hiring cycle. Plug vetted Flutter, IoT, and backend engineers directly into your team — and get moving by next week."
paragraph,"Whether you need one Flutter developer or a full cross-functional squad — we can have your team briefed, onboarded, and shipping within 72 hours."
paragraph,"Clear steps, no surprises. Here's exactly how your project moves from the first call to a live product."
paragraph,"""Strong execution across app, backend, and device integration. The team moved with clarity and ownership throughout the project."""
paragraph,"""They helped us simplify a complex connected product stack and delivered with much better coordination than working with separate vendors."""
paragraph,"""From mobile to firmware to backend, communication stayed sharp and the delivery felt structured from start to finish."""
paragraph,"We build products that work in the real world. Based in Indore, India."
paragraph,info@inurum.com+91 7974334291
paragraph,© 2026 INURUM TECHNOLOGIES. ALL RIGHTS RESERVED.
paragraph,"MADE IN INDORE, INDIA."
